customerID,name,loginID,password
1,Kelvin,123,123
2,Xavier,321,123
3,TESTER,1,123
4,John,124,123
5,Emma,125,123
6,Michael,126,123
7,Sophia,127,123
8,William,128,123
9,Olivia,129,123
10,James,130,123
11,Liam,131,123
12,Ava,132,123
13,Oliver,133,123
14,Isabella,134,123
15,Ethan,135,123
16,Mia,136,123
17,Aiden,137,123
18,Amelia,138,123
19,Lucas,139,123
20,Harper,140,123
21,Alexander,141,123
22,Evelyn,142,123
23,Daniel,143,123
24,Abigail,144,123
25,Matthew,145,123
26,Emily,146,123
27,David,147,123
28,Sofia,148,123
29,Joseph,149,123
30,Charlotte,150,123
31,Logan,151,123
32,Grace,152,123
33,Mason,153,123
34,Chloe,154,123
35,Carter,155,123
36,Ella,156,123
37,Jackson,157,123
38,Avery,158,123
39,Sebastian,159,123
40,Scarlett,160,123
41,Samuel,161,123
42,Lily,162,123
43,Dylan,163,123
44,Hannah,164,123
45,Christopher,165,123
46,Layla,166,123
47,Grayson,167,123
48,Luna,168,123
49,Luke,169,123
50,Victoria,170,123
51,Henry,171,123
52,Zoe,172,123
53,Andrew,173,123
54,Penelope,174,123
55,Joshua,175,123
56,Riley,176,123
57,Jack,177,123
58,Aria,178,123
59,Owen,179,123
60,Leah,180,123
61,Gabriel,181,123
62,Aubrey,182,123
63,Caleb,183,123
64,Elizabeth,184,123
65,Wyatt,185,123
66,Stella,186,123
67,Christian,187,123
68,Addison,188,123
69,Hunter,189,123
70,Natalie,190,123
71,Isaac,191,123
72,Violet,192,123
73,Eli,193,123
74,Skylar,194,123
75,Eleanor,195,123
76,Landon,196,123
77,Paisley,197,123
78,Jonathan,198,123
79,Emilia,199,123
80,Nathan,200,123
81,Bella,201,123
82,Connor,202,123
83,Maya,203,123
84,Jeremiah,204,123
85,Aurora,205,123
86,Eliana,206,123
87,Charles,207,123
88,Naomi,208,123
89,David,209,123
90,Valentina,210,123
91,Adrian,211,123
92,Rose,212,123
93,Cameron,213,123
94,Brooklyn,214,123
95,Leo,215,123
96,Hazel,216,123
97,Colton,217,123
98,Lillian,218,123
99,Jeremy,219,123
100,Trinity,220,123
101,Dominic,221,123
102,Elena,222,123
103,Asher,223,123
104,Rebecca,224,123
105,Carson,225,123
106,Grace,226,123
107,Christopher,227,123
108,Quinn,228,123
109,Jeremiah,229,123
110,Ellie,230,123
111,xavier,xavier,xavier
